{
  "type": "service_account",
  "project_id": "ai-practice-388514",
  "private_key_id": "#################03cdee",
  "private_key": "-----BEGIN PRIVATE KEY-----\nMIIEvgI#################5O1pdcQ#################fdiW#################Gmwki8MM+mS7zjy+OPwZ3nT87owErYoXfQ\nieBuW6Xk54FE65sN8Ng8itXrv4J3VppIq8TmwfWhC4IDcoIj42XYSa15YvbPbHwn\ncIJxRSnsCuogB36kj-----\n",
  "client_email": "dem#################count.com",
  "client_id": "113#################3555",
  "auth_uri": "https://ac#################auth",
  "token_uri": "https#################oken",
  "auth_provider_x509_cert_url": "ht#################1/certs",
  "client_x509_cert_url": "https://#################i-practic#################.com",
  "universe_domain": "goo#################.com"
}
